{"cameraMode":{"drawMode":0,"name":"Shaded","section":"Shading Mode"},"sceneLighting":true,"audioPlay":false,"sceneViewState":{"showFog":true,"showMaterialUpdate":false,"showSkybox":true,"showFlares":true,"showImageEffects":true,"showParticleSystems":true},"in2DMode":false,"pivot":{"x":1.216784954071045,"y":-1.0263056755065919,"z":3.2548556327819826},"rotation":{"x":0.17639079689979554,"y":-0.004443063400685787,"z":0.0007727117044851184,"w":0.9843703508377075},"size":5.781149864196777,"orthographic":false}